company_id,stage_path
0000000017,D
0000000048,B
0000002867,C1
0000002927,C2 → B
0000003291,A
0000003576,B
0000003786,A
0000004116,E
0000004899,B → C2 → B → A → C1 → A → C1 → B → C1 → E → A
0000005162,A → B
0000005797,B → A → B
0000006085,C1
0000006178,C2
0000006244,A → B → A
0000008966,C1
0000011168,C1 → A → C1 → A → B
0000011479,C1
0000012921,A
0000013030,C2
0000015941,B
0000016450,C2
0000017426,A → B → C1 → A → C1
0000020338,C1
0000021586,B
0000023067,C1
0000026842,B
0000029323,B → C1
0000029385,A
0000029391,C1 → A → E → B → A → C1
0000029412,A → B → A → C1
0000029455,A
0000029482,D
0000029701,C1 → D → A → B
0000030406,B → A
0000031644,A
0000032181,E → B → C1
0000034065,C1 → D
0000034181,A
0000034848,B
0000034955,C1
0000039245,E → A → B → C1 → B
0000039398,A
0000039882,B
0000041354,A
0000042790,C1
0000043601,C1
0000045241,C1
0000046498,C1 → A
0000047498,C1 → A → B → A → C2
0000047621,C1
0000047795,B
0000048068,B → A
0000048659,B
0000048677,C1
0000048882,B
0000049649,E → B → C1 → A → B → C1
0000051032,B
0000052888,B → C2
0000053002,C1
0000053479,C1
0000054630,E → C1
0000054951,A
0000055184,D → C1
0000057515,C1
0000058319,B
0000060089,A
0000060902,C2 → B → C1 → B
0000062535,C1 → D
0000062829,A → B
0000062952,C1
0000063359,C1 → A
0000063689,B → A
0000063725,B
0000063728,A → C1
0000063744,B → C1
0000063767,C1 → A → B → A → B → A
0000063973,C2
0000064127,C1 → A
0000064199,B → C1 → B → C1 → E
0000064340,B
0000064466,B → A
0000064661,A
0000064812,B → C1 → B
0000064869,A
0000064927,A → B
0000065080,A → B
0000065340,A
0000065802,A
0000066147,B
0000066198,B → C1 → A → C1 → A
0000066213,C1
0000066456,C1
0000066484,C2
0000066570,B
0000066586,B
0000066691,A → C1
0000066765,A → B
0000066960,C1
0000067168,D
0000067363,E
0000067397,C1
0000067632,C2 → C1 → D
0000067637,A → D → C1 → B → C1 → B → D → B → A
0000067770,A
0000068132,A → C1
0000068366,C1 → D → C1
0000068411,D
0000068484,C1
0000068562,C2 → B
0000068769,C1
0000069180,E → A
0000069283,A → D → B
0000069366,C1 → B
0000069380,A
0000069584,C1
0000069714,B → C1
0000069786,B
0000069896,C1 → A
0000070344,B
0000070575,C1
0000070718,C2 → D
0000071126,A
0000071147,B → D → C2
0000071546,C1
0000071864,A → C1 → B → C1 → B → D
0000072203,C1 → B → C1
0000072224,A
0000072321,B → C1 → A → C1 → A
0000072610,A
0000072878,A
0000072970,A
0000073032,C2 → A → C1
0000073196,C2 → A
0000073223,A
0000073350,C2 → C1
0000073500,B
0000073769,C1
0000075055,D
0000075132,C1 → A
0000075228,B
0000075329,B
0000075431,B
0000076011,B → C2
0000076392,C1
0000076741,A
0000078103,A → D → B
0000078253,C1
0000078382,C1 → A
0000078950,C1
0000080307,C1 → B
0000080906,D
0000081822,C1
0000081830,C1
0000082577,C1
0000082687,C1
0000082956,C1
0000083323,C1 → C2 → C1 → A → C1
0000085051,B → C1 → B
0000085528,A
0000085827,A
0000087093,C1 → A
0000087252,A
0000088203,A
0000090703,B → D → B → C1
0000090861,D
0000091166,B
0000091321,A → C1
0000091343,B
0000091536,B → A
0000091763,C2
0000091796,B
0000092004,C1
0000092334,B
0000093087,B → A
0000093491,C1 → A
0000094163,C1
0000094197,C1 → A
0000094849,A → B
0000094857,C1
0000094969,B → C1
0000095000,A
0000095379,C1 → B → C1
0000095442,B
0000095506,C1 → B → C1
0000095903,C1 → D → C1
0000096048,A
0000096057,C1 → A → C1 → B → A
0000096181,B
0000096251,A → B → A → E → C1
0000096281,C1 → D
0000096312,A
0000096610,D
0000096898,A
0000097210,E
0000097326,B
0000097894,C1
0000098093,C1
0000098589,B
0000098609,A
0000098631,C1
0000098679,C1
0000098773,A → C1
0000098791,B → C2
0000098845,A
0000098849,B
0000098959,A
0000098962,A
0000099248,B
0000099446,C1
0000099523,A
0000099527,A
0000099637,B → A
0000099785,C1
0000099932,B
0000100111,A → D
0000100527,C1 → A → C1 → A
0000100593,A
0000100612,A
0000100731,B → C1
0000100796,C1 → B → A → B → C1
0000100902,C1
0000100903,E
0000101090,A → C1
0000101101,A
0000101131,E → A → D
0000101305,C1 → A → B → D → A → D → A
0000101306,A
0000101310,C1 → A → B → C2 → B → C1
0000101324,C1 → A → B → C1
0000101332,A → E
0000101336,C1 → A → E → A
0000101337,C1 → D → B
0000101338,C1
0000101341,A → C1 → A → B → A → C1 → B → C1 → B → A → B → A → C1 → B
0000101353,C1 → A → B → A → B → A → B → A
0000101383,C1
0000101385,B
0000101428,B → C1 → B
0000101471,B
0000101489,B → A
0000101491,C1
0000101497,A → B
0000101529,B → A → B → C1 → A
0000101532,B → C1
0000101544,A
0000101553,E
0000101612,C1
0000101632,A
0000101651,C1
0000101683,E
0000101694,E → C1
0000101756,B
0000101772,D
0000101871,C1
0000101946,D → A
0000101997,B
0000102279,A → B → A
0000102472,A → B
0000102618,E → B
0000102846,C1
0000103379,A
0000103387,E
0000103549,D
0000103761,A
0000103800,C1
0000103922,A → E
0000104146,C2
0000104324,B → A → B → C1
0000104431,B → A → C1 → B → C2 → D
0000104608,A → C1
0000104661,C1
0000104863,B
0000104894,A
0000104904,C1
0000104917,C1
0000104987,C1 → E → A
0000104992,A
0000105292,A → C1 → B
0000105330,A
0000105525,D
0000105769,C1 → B
0000105773,C1
0000105814,C1 → A
0000105823,B
0000106333,B
0000106541,A
0000107206,C1
0000107254,B
0000108999,B → A → C2
0000109108,D → B
0000109118,B
0000109212,C1
0000109225,C2
0000109673,E
0000109735,C1 → A → B
0000109759,B → A → B
0000110205,C1
0000110306,B
0000110533,C1
0000111019,A
0000111395,C1
0000111433,A → B → A
0000111629,B
0000111675,B
0000111856,B
0000111868,B → A → C2 → C1
0000111962,C1
0000112066,C1 → B → A
0000112087,B → A
0000112514,A
0000112537,A → B
0000112720,C1
0000112792,A
0000112894,B
0000112959,A
0000113092,B → C1
0000113311,A
0000113372,C1
0000113660,C1
0000113848,B → A
0000114040,B
0000114638,C1 → B → C1 → C2 → B → C1
0000114691,C1
0000115002,C1
0000115055,C1
0000115082,A → C1 → B → A
0000115771,C1 → B → E → C1 → B → D → A → C1 → A → B → C1 → C2 → B → C2
0000116189,B
0000116500,C1 → E
0000116700,A
0000116811,A → C1 → A → B → C1 → A → C1
0000118219,B
0000120241,C1 → B → A → B → A → B → A
0000120829,B
0000122551,A
0000122906,A
0000122962,C1
0000122997,C1 → A → B
0000123176,A → C1
0000123189,A → C1
0000123195,A → C1 → E → A → C1
0000123312,C1
0000123373,C1 → B
0000123396,B
0000123684,D
0000123980,A → C1 → A
0000124060,B → C1 → B → C1 → B
0000124173,A
0000124187,C1 → A
0000124211,B → C1 → E → B
0000124224,B → C1
0000124261,B → C1 → D → A → C1 → A → B
0000124279,B → C1
0000124323,C1 → B → C1 → D → B
0000124353,C1
0000124442,A → C1 → D → C2 → C1 → B
0000124476,C1 → A → C1 → B → A
0000124497,E → C1 → C2
0000124651,B
0000124721,B
0000124910,C1
0000124920,B → E → B → C1 → A
0000124959,C2 → C1 → A → C1
0000125032,A → B → D → C1 → B → A → B → D → A → D → C1 → A → C1 → A
0000125070,C1 → D
0000125074,C1 → A
0000125093,C1
0000125296,B
0000125319,E → C1
0000125476,A
0000125576,C1
0000125583,C1 → E → B → A → E
0000125608,B → A → B
0000125634,B
0000125655,C1 → B → C1 → A → B → A
0000125662,C1 → D
0000125713,C1
0000125730,A
0000125742,C1
0000125746,D
0000125754,B
0000125764,B
0000125770,B → C1
0000125808,B
0000125815,B
0000125819,C1
0000125838,B → C2
0000125866,A
0000125868,C1
0000125876,A
0000125896,D → C1 → A
0000125899,C1 → B → C1
0000125902,A
0000125904,B
0000125912,A → C1
0000125915,A
0000125917,A → C1
0000125919,C1 → E → C1
0000125980,C1 → E → C1 → A → B
0000126015,C2 → C1
0000126019,A
0000126027,C1 → C2
0000126042,C1
0000126046,C1
0000126073,C1 → B → A → C2
0000126074,A
0000126079,C1 → B → C1
0000126093,B
0000126099,A
0000126100,A
0000126109,C1 → B
0000126137,E
0000126173,B
0000126180,A
0000126186,B → C2 → C1
0000126190,C2 → C1 → A → E → A → C1 → A → C1 → B → C1
0000126198,B
0000126204,E
0000126206,C1
0000126211,C1
0000126235,B → A → C1
0000126236,A
0000126238,A → B
0000126283,C1
0000126293,A → B
0000126295,E
0000126310,C1 → B
0000126337,B → A
0000126356,A → B
0000126363,C1
0000126374,A → C2
0000126387,A → C2
0000126392,A
0000126395,A
0000126399,A
0000126409,D → A
0000126411,C2 → C1 → A
0000126475,A
0000126479,C2
0000126485,C1 → B → C1 → B
0000126507,A
0000126511,B → A
0000126528,B
0000126538,B → C1 → B → C1 → B → D → A → E → A → B → A → B → A → C1 → A → E → A → B → A → C1 → B → A → D → A → B → C1 → A → B
0000126542,B
0000126584,B → C2 → C1 → A → B → A
0000126604,C1
0000126614,C1 → A → C1 → A → C1 → C2 → C1 → A → B → A
0000126628,A → B
0000126630,A → C1
0000126635,A → C1
0000126644,E → D → C1 → A
0000126648,E
0000126649,B → C1
0000126683,A
0000126691,B → C1 → B
0000126701,B → C1 → E
0000126715,C2 → C1 → B → D → C1
0000126733,B
0000126739,B → C1 → B → C1
0000126740,A
0000126744,B → E → B
0000126749,A
0000126769,B → C1 → B → A → B
0000126773,C1
0000126776,C1
0000126798,C1 → B
0000126800,C1 → B → A
0000126839,C2 → B → C1 → D
0000126849,B → E → A → B
0000126855,B
0000126874,C1
0000126886,A
0000126907,A → B
0000126910,B → C1 → A
0000126916,C1 → C2 → C1
0000126931,E → A
0000126934,D → B → C1 → A → B
0000126936,C1
0000126943,D
0000126979,A → C1 → A → C1
0000126981,C1 → B
0000126984,C1 → B → C1 → E
0000126988,C1 → D → C1 → A → B
0000126998,C1
0000127000,C1 → B → A
0000127005,B
0000127010,C1 → A
0000127013,B
0000127022,C1 → B → C1
0000127031,B
0000127036,C1 → A → C2 → A
0000127041,C1 → B → C1 → B → A → C1 → C2 → C1 → A
0000127056,C1 → C2
0000127062,A
0000127071,A
0000127081,A → B → A
0000127082,B → C1 → B → C1 → B → C1
0000127112,A
0000127118,C1
0000127131,C1 → D → E
0000127133,B → C1
0000127135,C1 → E → B → A → C2 → E → B
0000127138,B
0000127158,A → C2 → A → B → C1 → A → B → A
0000127160,C1
0000127184,A → C1
0000127197,A
0000127204,A → C1
0000127216,C2
0000127218,A
0000127224,A → C1
0000127241,C1 → A
0000127264,A
0000127266,C1 → E → A → D
0000127270,C1 → E
0000127274,B → A → B
0000127275,A → C1 → D
0000127276,C1 → B → C1
0000127284,C1 → D → B → A → B → D → C1
0000127289,C1 → E → C1 → A → B
0000127313,A → B
0000127322,A → B → C1
0000127351,D
0000127352,C1 → E → B → A
0000127386,B → C1 → A → C2 → D → C1 → A → C1 → E
0000127398,C1 → B
0000127410,C1 → C2 → B
0000127426,C1 → A
0000127433,B → C1 → D → B → A
0000127435,C1 → B
0000127445,E → C1
0000127455,E
0000127478,C1
0000127480,B → A → B → A → B
0000127483,D → C1
0000127485,C1 → B
0000127486,B
0000127492,A → C1
0000127494,A
0000127511,C1 → C2 → B
0000127514,A
0000127517,C1 → C2 → A → B → C1 → B → C1 → A
0000127521,C1 → A
0000127571,C1
0000127588,A → B
0000127603,C1
0000127618,A
0000127654,C2 → C1
0000127682,B → C1
0000127689,A
0000127700,C1 → B → A → B → A
0000127705,B → C1 → D → C1 → D → C1 → A → B → D
0000127715,B → A → B
0000127735,A
0000127753,C1 → A
0000127755,B
0000127756,B
0000127772,C1 → A
0000127775,B → C2
0000127784,A
0000127821,C1 → A → B
0000127829,B
0000127830,C1 → A → E
0000127836,B
0000127856,E → A
0000127901,A
0000127903,C1 → A
0000127911,C1
0000127916,C1
0000127917,A
0000127920,A
0000127925,A → C1
0000127928,C1 → C2 → B
0000127935,A → B
0000127937,C1 → D → C1
0000127941,C1 → B → C1 → A → D → C1
0000127948,B → A
0000127956,C1 → D → C1 → B → C1 → B
0000127966,D → C1
0000127994,A
0000127998,B
0000128011,B → C1 → A → C1 → B → C2
0000128019,B → A → C1 → A → C1 → B → C1
0000128029,C1
0000128030,E → C2 → B → C1 → E
0000128041,C1 → A → E → C1 → A → B → A → B → A
0000128050,C1
0000128055,C1
0000128060,A → D → C1
0000128063,C1 → B → A → C1 → A
0000128067,C2 → B → C1 → A
0000128068,B
0000128072,C1 → C2 → C1 → B → C1 → A → C1 → A → D → C1 → B → A → C1 → B → A → D → A → D → A
0000128111,E → B → A → D → C1
0000128132,B → A
0000128137,A → D → A
0000128142,C1 → B → A → D → A → C1 → A → C1 → A → C1
0000128147,C1 → B → C1 → B
0000128150,E
0000128153,C1
0000128161,C1
0000128195,C1
0000128206,C1
0000128236,C1 → A → C1 → B → A → B
0000128246,C1 → A → C1 → B → C1 → A → B
0000128265,B
0000128284,A → C2
0000128290,B → A
0000128292,B → C1
0000128298,C1 → B
0000128299,B → A → C1
0000128305,B
0000128323,A
0000128354,B → A → C1 → B
0000128361,C1 → E → B
0000128379,C1 → A
0000128380,E → C1 → A
0000128389,B
0000128399,E → C1 → A
0000128414,C1
0000128431,D
0000128443,C1
0000128448,B
0000128458,A → C1 → A
0000128471,C2 → C1
0000128488,B → C1 → B
0000128489,A → B
0000128517,A
0000128536,C1 → A → E → A → B → C1 → A → C1
0000128574,C1
0000128578,B → C1 → A → B → C1
0000128604,A
0000128605,A
0000128618,C1
0000128627,B → C2
0000128636,C1 → B
0000128660,C1 → C2
0000128666,B
0000128680,C1
0000128684,C1
0000128743,D → C1
0000128745,C2 → C1
0000128756,A
0000128766,C2
0000128773,B → C1 → D → C1 → B → A → B → C1
0000128775,C2
0000128785,B → A → C1
0000128801,A → D
0000128805,B → A
0000128810,C1 → B → A
0000128825,C1
0000128829,C1 → D → B
0000128837,C1
0000128849,C1 → B
0000128851,C1
0000128853,B → C1
0000128892,A
0000128893,A
0000128894,C1 → A
0000128907,D → E → D → C1 → B → C2 → C1 → B → E → A → C1
0000128916,A
0000128924,C1 → B → C1
0000128928,A → C1
0000128931,C1 → B
0000128950,A → C1 → E
0000128977,C1
0000129014,C1
0000129020,B → C1
0000129028,B
0000129031,A
0000129046,A
0000129054,C1
0000129057,C1 → A → B → C1 → D → C1
0000129090,A
0000129095,A → C1 → E → C1 → A → C1
0000129097,A
0000129117,C1 → D
0000129132,E
0000129138,A → B
0000129139,B → A
0000129141,C1
0000129150,A → B
0000129173,C2
0000129192,B → C1
0000129194,A
0000129211,A → D → A
0000129214,A → C1
0000129217,B → A → B → E
0000129223,B
0000129249,B → C2 → B → A → C2 → B → C1 → B → C1 → B
0000129250,C1
0000129278,C1 → D → B
0000129302,A
0000129307,A
0000129310,D
0000129312,B → C1
0000129320,B → D → C1
0000129322,A → C2
0000129325,B → A
0000129334,A
0000129362,A
0000129368,B → D
0000129400,C1 → A
0000129404,E
0000129414,C1 → E → C1 → C2 → B
0000129422,A → C1 → A → C1 → B → C2 → B → A
0000129435,B → C1 → C2
0000129457,C1 → A
0000129461,B
0000129475,B
0000129483,C1 → B
0000129493,C1 → B
0000129498,C1
0000129517,C1 → A → C1
0000129532,C1 → B
0000129533,A
0000129542,A
0000129543,B → C1 → B → C1 → B → A → E
0000129551,C1
0000129556,C1
0000129559,B → C1 → B
0000129576,A → C1 → B
0000129587,B → A
0000129588,C1
0000129597,A
0000129607,B
0000129610,C1 → B
0000129615,C2
0000129623,C1
0000129627,A → D → A
0000129628,C1 → C2
0000129636,E → A → C1 → B
0000129653,A → E → B
0000129660,B
0000129709,C1 → A
0000129722,C1
0000129723,C1
0000129727,C1
0000129738,D
0000129746,C1
0000129750,D
0000129751,C1 → B → E → C1
0000129783,A → D → C1
0000129788,C1 → B
0000129793,C1
0000129808,C1
0000129824,C1
0000129830,D → C1 → B
0000129846,D → A → B → A
0000129848,C1
0000129857,A
0000129874,C1
0000129877,A → B → A
0000129898,D
0000129925,A → C1 → A
0000129938,A → B → A
0000129941,A
0000129965,C1 → D → C2 → A → C1 → D → B
0000129992,C1 → B
0000130032,B
0000130034,C1 → B → A → B → C1
0000130047,B → C1
0000130051,B
0000130058,C1 → B
0000130068,B
0000130071,C1
0000130073,A
0000130092,B
0000130099,E → C1
0000130110,C1 → B → C1
0000130118,B → C2 → C1
0000130146,E
0000130159,C1 → B → C2 → A → B
0000130160,C1
0000130164,C1
0000130210,A
0000130213,C1 → B → A
0000130237,B
0000130246,A → C1
0000130283,A → C1 → E
0000130304,A
0000130314,A → C1
0000130321,C1 → B → C2
0000130355,E
0000130382,A → C1 → B → C1
0000130397,C1
0000130404,C1 → A
0000130411,A → C1
0000130450,B
0000130459,E
0000130474,C1 → D → C2
0000130479,C1
0000130494,B → A
0000130502,C1 → E → C2 → B
0000130513,B
0000130533,A → E
0000130535,B
0000130554,B
0000130562,B
0000130567,B → C1
0000130590,C1 → B
0000130612,C1 → A → C1
0000130634,C1
0000130636,C1
0000130640,A
0000130657,B → D → B
0000130673,A → E
0000130680,C1
0000130692,A
0000130706,A → B
0000130716,C1
0000130723,B
0000130727,B → C1 → B → C2 → A → B
0000130741,C1 → B → C1 → B
0000130748,C2 → A
0000130758,A
0000130765,A → B → C1
0000130773,B
0000130784,A → B
0000130796,B → C2 → A
0000130819,A
0000130834,B
0000130838,B → A → C1
0000130851,B → E → A
0000130867,C1 → B
0000130877,C1
0000130916,C1
0000130920,A → C2 → C1
0000130930,C1 → B → A → B → A → C2 → C1 → B → A → C1 → A → C1 → A
0000130933,A → C1
0000130954,C1 → B
0000130980,B
0000131051,D → A
0000131053,C2 → A → E
0000131061,E
0000131066,A
0000131068,B
0000131079,B
0000131100,A → C1 → A
0000131102,A → B
0000131103,A → C1 → A → C1 → B → A → B
0000131109,C1 → A → C2 → C1 → B
0000131114,E → B → E
0000131118,B → C1
0000131129,B → C1
0000131135,A
0000131139,C1
0000131175,C1
0000131184,A
0000131273,B → C1 → B → C1
0000131400,A → C1
0000131627,C1
0000131656,A
0000131868,D
0000131879,B → C1
0000132066,C1
0000132095,A
0000132215,A
0000132279,C1 → A
0000132554,A
0000132643,B → E → C1
0000132686,C1
0000132754,C1
0000132765,C2 → C1
0000132900,C1
0000133276,A → C1
0000133283,C2 → D → A
0000133363,B
0000133493,B
0000133575,D → B → C1
0000133648,B
0000133783,A
0000133913,A → E → C1
0000133916,E → B → E → D → E
0000134004,A
0000134097,C1
0000134107,B → A
0000134149,B → D → B → C2 → C1 → B → A → C1
0000134257,A → B → A → C1 → A
0000134298,C1 → B
0000134306,A
0000134425,C1
0000134541,C1
0000134584,C2 → A → D → C1
0000134639,A
0000134697,C1
0000134715,C1 → B
0000134766,B → E → A
0000134836,C1
0000134855,C1 → B → C1
0000134862,C1 → A
0000134946,C1
0000134948,A → C1 → D → A
0000134954,C1
0000135067,C2 → A → C1
0000135086,C1
0000135162,C1 → D
0000135181,E → C1 → A
0000135315,B
0000135440,C1
0000135577,A
0000135917,E
0000135981,C1
0000136093,B
0000136098,A → C2
0000136113,B → E → B
0000136151,E → A
0000136185,C1 → A → B
0000136271,B → A
0000136275,A
0000136294,A → B → A
0000136342,A
0000136345,C2 → A → B → A → B
0000136418,B
0000136486,B
0000136540,A → B
0000136547,A
0000136623,C1 → D → B
0000136638,E
0000136676,B
0000136697,C1
0000136776,A → B → A → C1 → B → C1 → D → B
0000136924,B → A → B → C1 → B
0000136932,B
0000137090,B
0000137093,A
0000137104,B
0000137165,C1 → A → C1
0000137180,C1
0000137225,C1 → A
0000137274,A → E
0000137324,B
0000137466,B → C1 → B
0000137467,B
0000137544,C2 → C1
0000137632,C1 → A
0000137646,C1
0000137647,A
0000137732,E → A → C1 → D
0000137935,C1
0000137992,C1 → B
0000137994,B
0000138031,B → A
0000138036,A
0000138063,B
0000138136,A → B → C1 → A → D
0000138316,E
0000138323,A
0000138354,C1
0000138585,D → C1
0000138609,C1 → B
0000138643,A
0000138666,C1
0000138692,C2
0000138764,B → C1
0000138862,B → A → B → A → C1 → A → C2 → C1 → B → C1 → B → C1
0000138937,B
0000138975,C1 → B → C1 → B
0000139014,C1
0000139023,C2 → C1
0000139031,C1
0000139134,A
0000139176,C1
0000139297,A → E
0000139369,A → C1 → B → C1
0000139438,A
0000139466,C1 → B → C1
0000139487,C1
0000139530,C1
0000139537,A
0000139555,B
0000139740,A → B
0000139745,A → C1 → B
0000139841,C1 → A
0000139939,B → A
0000139957,C2 → C1
0000140088,B → C1 → A → B
0000140188,B
0000140269,C1
0000140444,B → C1 → A
0000140470,C1 → B
0000140555,C1 → E → C1
0000140653,A → C2
0000140660,B
0000140794,B → C1
0000140868,A → B → C1
0000140875,C1
0000140925,B → C1 → D
0000141003,C1
0000141041,A
0000141290,B → C1 → A → B
0000141299,C1 → A
0000141300,C1 → A
0000141339,A → B
0000141353,B
0000141391,C1
0000141406,B → C1
0000141541,A
0000141552,C1
0000141559,B → A
0000141711,C1 → B → C1 → D
0000141754,A
0000141837,B
0000141965,C1 → B → A → B → C1 → B
0000141980,B
0000142100,A → B
0000142131,B → A → C2
0000142139,E
0000142173,A
0000142210,A
0000142324,B
0000142333,C1 → D
0000142352,C1
0000142443,C1 → B
0000142542,C1
0000142550,D → E
0000142581,C1
0000142666,B
0000142849,B → A → B
0000143018,B
0000143046,C1 → B → D → A
0000143071,C1 → B → A
0000143156,A → B → A
0000143185,B → D → A
0000143334,C1
0000143476,D
0000143558,A → B → C1 → B → A
0000143632,A
0000143647,C1
0000143703,C2 → D
0000143837,A
0000143998,C1 → A
0000144024,C2
0000144081,E → A → B → A
0000144150,C1 → B
0000144167,B → C1
0000144182,A → B
0000144391,A
0000144480,B
0000144731,C1
0000144925,C1 → A → B
0000145010,A → B
0000145022,E → A
0000145026,A
0000145056,C1 → B → A → C1 → A
0000145099,B → A → C1
0000145148,B → C1 → D
0000145164,C1 → B → C1
0000145190,C1
0000145258,B
0000145289,A → C1
0000145292,A
0000145312,C1 → E → B → A
0000145391,B → C1
0000145623,D → B → C1
0000145645,C1
0000145688,A
0000145702,D
0000145717,B → A
0000145724,C1
0000145872,C1 → E → D
0000145907,D → A → D → C1
0000145918,C1
0000145920,B
0000145932,C1
0000146041,C2 → C1
0000146143,A
0000146218,C2 → C1 → B
0000146222,B → A → C1 → B → C1
0000146383,B → D
0000146388,C1 → A → C1
0000146416,A → B
0000146550,A
0000146568,C1 → C2 → D → C2
0000146614,B → C1 → B
0000146691,C2 → A → D
0000146696,B → A → B
0000146749,C1 → A → C1 → B → A → B
0000146867,B
0000147050,C1 → B → C1 → A
0000147065,A
0000147250,A
0000147373,C1
0000147392,A → B
0000147429,B → C1
0000147483,C1 → D → A → C1
0000147498,C2 → A
0000147620,C1
0000147679,D
0000147826,C1 → B
0000147837,B
0000147854,D → C1 → E → C1
0000147869,B
0000147946,C1 → A → B → C1 → B → C1 → B
0000148006,B → D
0000148025,A
0000148036,C1 → A
0000148319,C1
0000148350,A → C1 → B
0000148425,C1 → A → B
0000148459,D
0000148536,C1 → C2
0000148550,B → C1
0000148672,A → D → C1 → A → B
0000148795,B
0000148994,B → C1 → B → C1 → B → A → B → C1
0000149194,B → A → E
0000149251,D → B
0000149362,C1 → A
0000149366,C1 → B → C1 → B → C1
0000149370,B
0000149570,C1
0000149616,D → A → C1 → A → D
0000149674,A
0000149678,C1
0000149687,A → E
0000149705,D → C1
0000149718,D → B → E → D
0000149800,B
0000149828,E
0000149833,B → C1
0000149860,C1 → B
0000149901,A
0000149918,C1 → A
0000149940,C1 → A
0000149968,C1 → A → E
0000149996,A
0000150021,C1 → B → A
0000150031,A → B
0000150226,C1 → A → C1
0000150277,C1
0000150282,A
0000150297,C1
0000150336,B → C1 → B → A → B
0000150347,C1 → D
0000150382,C1 → B → E
0000150407,B → C1 → A
0000150441,A
0000150489,B
0000150594,C1
0000150706,E → A
0000150819,C1
0000150844,B
0000150846,C1
0000150859,C2 → D → E
0000150928,C1 → B
0000150974,A
0000150993,A
0000151017,C1 → B
0000151021,B
0000151064,D → B
0000151065,B
0000151201,A
0000151290,A → C2 → C1 → A
0000151305,B
0000151324,C1
0000151445,A
0000151457,E
0000151745,C1
0000151775,C1
0000151840,B
0000151851,A
0000151987,A → B
0000152167,A
0000152337,B → C1
0000152357,A → B
0000152367,A
0000152453,B → C1
0000152493,C1 → A
0000152524,B
0000152746,C1
0000152858,A → B
0000152879,B → A → B → C1
0000152951,C1 → B
0000152997,B → C1 → B → C2 → C1
0000153145,E
0000153198,C1 → A
0000153219,C1 → E → B → C1
0000153228,C1
0000153287,C1
0000153369,A → C1 → A
0000153429,B
0000153483,C1
0000153574,C1
0000153617,B
0000153645,D → C1 → B
0000153682,B → A → B → E
0000153831,A
0000153977,C1 → B
0000154014,E → C1 → C2 → C1 → B → A → C1
0000154024,C1
0000154069,C1
0000154247,D → C1
0000154269,E → B
0000154296,A → B
0000154494,B → C1 → A → B
0000154502,D → E
0000154504,C1 → A
0000154510,C1
0000154734,C1
0000154961,A
0000155129,B
0000155165,C1
0000155167,B → C1
0000155231,A
0000155432,B
0000155463,B
0000155465,C1 → A → C1
0000155608,E
0000155759,B
0000155781,C1
0000155859,A
0000155903,C1 → A
0000155954,C1 → A
0000156048,E → C1 → A
0000156190,B → C1
0000156226,B
0000156227,A
0000156347,A
0000156422,B → C1
0000156605,C2
0000156689,C1
0000156712,A → D → B → C1 → B
0000156725,A
0000156758,C1
0000156801,B → A → C1 → A
0000156831,A
0000156839,A → B → A → C1 → A
0000156939,B → A → C1 → A
0000157054,A
0000157081,A
0000157131,A
0000157241,C1
0000157579,A
0000157636,C1 → E
0000157785,B
0000157894,C1
0000157907,D
0000157938,C1
0000158325,A → E → C1
0000158424,C2
0000158446,B → E
0000158526,B → A → B
0000158646,B
0000158729,C1 → A → C1 → B → C2 → A → C1 → E → C1 → C2
0000158746,C1 → D → E → B
0000158780,C1 → E → C1 → B
0000158924,A
0000159057,C1
0000159181,C2 → A
0000159375,C1
0000159418,C1 → C2
0000159511,A
0000159573,A → C1
0000159621,D → A
0000159627,C1 → D
0000159740,E
0000159753,C1
0000159779,C1
0000159801,A
0000159817,A → C1
0000159837,C1
0000159949,A
0000160103,B → A
0000160131,A
0000160299,C1 → B → A
0000160306,C1
0000160363,A → C1
0000160394,C1 → B → C1 → B → A → C1 → A → C1 → A
0000160455,B → C1 → B
0000160528,C1
0000160695,E → A → C2 → C1 → B
0000160707,A
0000160711,C1 → B → C1 → E → C1 → A
0000160806,C1 → C2 → A
0000160957,C1
0000160990,B → C1 → C2 → C1 → B
0000161059,B → C1 → A → C1
0000161060,A → B → A → B → A → B → C1 → A → C1
0000161103,B
0000161122,B → C1 → A
0000161216,C1
0000161258,C1 → A → C1
0000161263,B
0000161266,A → C1 → B → E → C1
0000161523,E
0000161654,E → C1
0000161982,A → C1
0000162072,A → C2 → B → C1
0000162098,C1
0000162100,B → C1
0000162302,A
0000162321,A → C1
0000162427,A → D → C1
0000162498,B
0000162528,B → A → B → D → A → D → C1 → A
0000162615,C1 → D → C1 → D → C1 → C2 → B → A → B → C1 → A → C1 → A → D → C2
0000162648,C1
0000162747,B
0000162964,A → C1
0000162971,B
0000163028,C1
0000163210,C1 → B → A
0000163233,A → B
0000163375,A
0000163382,A
0000163435,C1 → B
0000163517,B → A → C1 → A
0000163686,C1 → A
0000163711,A
0000163758,C2 → C1
0000163821,A
0000164100,D → C1
0000164162,B → C1 → B → A
0000164306,B
0000164321,A → B → A
0000164326,C1
0000164350,B → E
0000164553,A → C1
0000164628,B → C1 → A → B → C1 → A → C1 → D
0000164646,C1
0000164740,A → C1 → B → C2 → C1 → A → B
0000164759,C1 → A
0000164797,B → A → B
0000164803,A
0000164849,A
0000164861,B
0000164883,C1 → D
0000164903,B
0000164931,A
0000164982,B → C1 → B
0000165030,A
0000165061,A → C1 → B → A
0000165195,E
0000165210,B
0000165400,B
0000165410,A → E → C1 → A → B
0000165513,B
0000165534,A
0000165535,C1 → B
0000165733,B → C1 → A
0000165764,A
0000165842,A → C1 → B
0000165881,C1 → B → C1 → D → C1 → D → C1 → A → C1
0000166117,D → A → B → C1 → A → B → D → C2
0000166175,C2 → A → C1 → B → C1 → A
0000166354,A
0000166365,B
0000166399,A
0000166429,B
0000166528,A
0000166617,C1 → B → C1
0000166640,C1
0000166672,C1
0000166678,C1 → B → C1 → C2
0000166702,C1 → C2
0000166728,B → A
0000166842,E → C2 → A → C1 → B
0000166866,D
0000166998,A → E
0000167010,B → A → C1 → A → B → C1
0000167167,D → A
0000167170,C1 → A → C1
0000167231,A → C1 → A → B
0000167342,C1 → A → C1 → A
0000167349,E → B → A
0000167350,E → C1 → B → C1
0000167376,D
0000167529,A → B
0000167815,A
0000168052,B → C2
0000168129,E → A → B
0000168176,B → E → C1
0000168190,B
0000168317,C1 → A
0000168851,C1
0000168883,A
0000169254,C1 → E
0000169441,A
0000169494,C1
0000169559,A
0000169566,C1
0000169616,C1
0000169934,C1 → E → A
0000169958,A
0000170255,C1
0000170641,A → B → D → B
0000170768,C2
0000170837,B
0000170874,C1
0000170905,C1 → B
0000170927,A
0000171030,B
0000171070,B
0000171098,C1
0000171121,A → C1
0000171125,B
0000171133,A
0000171181,C1
0000171204,C2
0000171223,B
0000171224,C1 → D
0000171250,B
0000171296,E
0000171303,D
0000171381,A → C1 → B → C1 → B → A → B → C1 → B → C1
0000171462,C1 → B
0000171469,E → C1
0000171502,A → B → A
0000171513,C1
0000171524,B
0000171532,A
0000171548,B → C1 → A
0000171595,B
0000171598,C2 → A → B → A → B
0000171606,B → C1 → D → C1 → B → C1 → E → C1 → B
0000171621,C1 → B → E
0000171626,A
0000171652,C1 → A
0000171680,B
0000171744,A
0000171771,B → C2
0000171841,C1 → A → D → A
0000171946,B
0000172012,A → C2
0000172194,B → C1 → D → C1 → A
0000172251,A → C1 → E
0000172289,A → C1
0000172341,A
0000172507,A
0000172573,D → C1 → B → A
0000172614,A → E → C1 → D → A
0000172665,B
0000172667,C1 → B
0000172704,A
0000172720,B → A
0000172796,D → B
0000172868,C1
0000172875,C1 → D
0000172879,A → D → A
0000173146,C1 → A
0000173215,C1 → E
0000173302,A
0000173349,E
0000173444,A
0000173665,C1
0000173695,A → B → D → B
0000173765,C1
0000173795,B
0000173836,C1
0000173947,B
0000174096,E
0000174100,C1 → A → C1 → B → C1 → B → C1 → A → C1 → A → B → A
0000174138,B
0000174200,B
0000174201,B
0000174210,A → B
0000174291,B → C1 → C2 → B
0000174324,C1 → B
0000174335,C1
0000174354,C1
0000174394,C1 → B → A → C2 → A → B → D → A → C1 → A
0000174508,C2
0000174535,C1 → E → A
0000174659,A
0000174681,B → A
0000174729,E
0000174776,C1
0000174829,B
0000174840,C1 → B → A → B
0000174890,D → C1
0000174897,C1
0000174951,B → C1
0000174970,A
0000174994,B → C1 → B → D → C1
0000175053,B
0000175177,A → B → C1 → A → C1 → B → C1 → A → D
0000175180,B → C2 → D
0000175217,A
0000175241,E
0000175439,C1
0000175571,A → C1 → A → B
0000175798,C1
0000175856,A
0000175876,C2 → A
0000175951,A
0000176006,B → C1 → B
0000176144,C2 → B
0000176303,C1 → B → C1
0000176348,E
0000176373,A
0000176427,B
0000176460,E → A
0000176546,C1
0000176604,C1 → E → C2 → E → B → E → C1 → A → C2 → C1 → A
0000176656,C1 → E
0000176792,C1
0000176879,C1 → A → C1
0000176889,A → C1 → B
0000176917,C1
0000177023,A
0000177099,B
0000177115,A → B → C1 → D → C1
0000177306,C2
0000177343,C1
0000177377,C1
0000177431,C2 → B → A → C2
0000177562,B → E
0000177619,A → C1
0000177642,D
0000177764,A → B
0000177845,C1
0000177916,A
0000177960,A
0000178020,C1
0000178075,A
0000178118,C1 → B → C1
0000178129,C1
0000178139,B → C1
0000178164,C1 → A
0000178212,C1 → E → B → C1 → B
0000178221,C1 → A
0000178468,B
0000178471,B → C1
0000178506,D → C1 → B → C2
0000178516,C1 → B
0000178522,A
0000178527,B → A → B → A
0000178553,C1
0000178554,A → C1
0000178573,B → D
0000178580,B → A
0000178665,B
0000178695,C1
0000178786,C2
0000178797,A
0000179239,B → C1
0000179454,C1
0000179598,D → C1 → B
0000179608,A → B
0000179685,D → C1 → B
0000179857,C1 → B
0000179879,C1
0000180226,B
0000180267,C1
0000180797,A
0000180833,A → C1 → A
0000180901,D → A
0000181240,B
0000181329,B
0000182954,C1 → A
0000184566,C1 → A
0000184643,C1
0000184729,B → A → C1 → B → C2 → C1 → B
0000184820,C1
0000184895,B
0000184917,B → C1
0000184934,C1
0000184966,C1
0000185109,B
0000185553,C1 → C2 → B → C1 → B
0000185942,C1
0000185947,C2 → A → B
0000186467,C1 → B → A
0000186479,C1 → A
0000186526,C1
0000186567,B
0000186588,C1
0000186617,C2
0000186642,C1 → A → C1 → B → C1 → B → C1 → C2 → B → C1
0000186709,D
0000186803,A → C1 → B → A → B
0000187021,B
0000187159,C1 → C2 → C1 → A → C1 → A → B
0000187209,C1 → C2 → A
0000187217,C1 → B → C1 → B
0000187233,C2 → C1
0000187327,B
0000187336,B → A → C1
0000187370,B → A → C1
0000187374,A → B
0000187381,B → A
0000187433,C1
0000187601,B
0000187821,B → E → B
0000188347,C2 → C1 → E
0000188934,C1 → A → C1 → A
0000189002,C1 → A
0000189284,B → C1
0000189367,A
0000189388,B → D
0000189800,C1 → A
0000189822,D
0000189823,B
0000190608,A
0000190641,B → C1
0000191046,A → C1
0000191257,A
0000191327,C1 → A → C1
0000191513,B → C1 → B
0000191535,C1 → A → C1
0000191734,A
0000191873,A
0000191876,C1
0000191893,C1
0000191912,A
0000191973,A → B → C1 → B
0000191986,A
0000191995,B → A → E → B → C1
0000192001,A
0000192044,C1 → A → C1
0000192060,A
0000192100,E → D
0000192131,C1
0000192149,A
0000192245,B
0000192269,B
0000192277,C2 → B
0000192293,A
0000192373,C2 → B
0000192426,E
0000192494,A → B → C1 → B → C1
0000192495,A
0000192562,B
0000192633,C1
0000192664,B → D
0000192738,C1
0000255062,C1
0000255141,C1
0000255154,C1
0000255161,B
0000255162,A → C1 → A → C1
0000255209,B
0000255212,B
0000255333,C1
0000255470,A → C1
0000255882,E
0000255977,C1
0000256078,C1
0000256084,C1 → A
0000256123,B
0000256135,B → C1 → A → C1 → B
0000256174,E → B
0000256185,C2 → C1
0000256279,A → B → C1
0000256628,A
0000256674,B → A → B
0000256694,D
0000256790,C1 → B
0000256925,A → C1 → D
0000256941,B
0000256968,B → C1
0000257008,B
0000257068,B → C1 → A
0000257096,B → C1
0000257153,B → C1 → B
0000257184,B → C1
0000257186,A → B → A
0000257188,C1
0000257261,A
0000257282,C1 → B
0000257307,B → C1 → A
0000257317,C1 → E
0000257321,A
0000257331,C1 → E
0000257337,B → E → A
0000257353,C1
0000257422,C1
0000257593,C1 → A
0000257685,A
0000257769,B → A
0000257818,C2
0000257907,C1
0000257913,D
0000257981,C1 → A → D
0000258051,A → C1
0000258094,C1
0000258230,B
0000258315,C1
0000258334,C1 → B → A
0000258387,A
0000258393,C1 → A → C1
0000258404,E → C1
0000258435,C1
0000258469,A
0000258551,C1 → E → D → A → C1
0000258562,D
0000258566,C1 → D → B
0000258567,A
0000258581,B → A
0000258648,B
0000258680,B
0000258729,A → B → A → C1 → B
0000258754,C1
0000258814,A → B → A
0000258815,A
0000258835,C2 → A → B
0000258872,C2 → C1 → D
0000258874,B → C1
0000258883,C1 → B → A
0000258916,B → A
0000258928,C1 → E
0000258938,B
0000258993,C1
0000259009,B
0000259047,B
0000259066,B
0000259142,C2 → C1
0000259184,C1 → C2 → C1
0000259219,A
0000259251,A → C1
0000259271,C1
0000259329,A
0000259334,A
0000259378,A
0000259411,A
0000259431,A
0000259444,B → A
0000259469,A
0000259487,C1 → B
0000259502,D → C1
0000259536,B
0000259581,C1
0000259631,C2
0000259673,E
0000657801,A
0000658009,A → C1
0000658147,B
0000659435,B → A → B → C1 → D
0000659672,A
0000659710,B
0000659713,C1
0000659725,A → B → C1
0000659812,A
0000659880,C1
0000659915,B
0000659927,C1
0000659981,E
0000660060,B → C1 → D
0000660158,C1
0000660159,B
0000660174,A
0000660179,B → D → C1 → B
0000660313,C1 → A → B → C1 → B → A → B → C1
0000660366,B → A → C1
0000660396,B
0000660420,B → C1 → A
0000660429,C1
0000660498,C1
0000660510,B → A
0000660612,A → D → C1 → E → A → C1 → B → C1
0000660667,C1 → B
0000660719,A
0000660736,B → C1 → D
0000660791,B
0000660803,B
0000660845,C1 → A → B → C1 → B
0000660921,C1 → B
0000660925,B
0000660954,B
0000661062,D → A
0000661136,C1
0000661218,C1
0000661266,A
0000661316,C1 → A → C1 → A
0000661335,C1
0000661514,A → B
0000661549,A → D
0000661555,C1
0000661828,A
0000662023,D → A
0000662039,B → A → B → C1
0000662314,A
0000662335,B → C1
0000662425,A
0000662466,C2
0000662588,B
0000662658,C1
0000662660,C1 → B
0000662703,A
0000662767,C1 → A
0000663043,A
0000663048,C1 → B
0000663078,B
0000663097,C1 → A → B → C1
0000663111,A → C1
0000663197,A
0000663344,A
0000663382,A
0000663569,B → A
0000663594,D
0000663598,B
0000663600,A
0000663626,C1
0000663694,C1
0000663699,A → B
0000663706,D
0000663870,C1
0000663892,C1
0000664021,D
0000664023,C1
0000664071,A
0000664120,D → C1
0000664130,B
0000664178,B
0000664217,A → C1 → D → C1
0000664240,C1 → B
0000664252,C1 → A
0000664261,C1
0000664315,A → B
0000664348,A → C1
0000664362,C1
0000664367,C1 → A
0000664414,C1
0000664526,A → C1 → B
0000664536,A
0000664623,B → C2
0000664631,C1 → B
0000664634,C1
0000664720,C2
0000664783,B
0000664801,C1
0000664851,B
0000664901,D
0000665030,A
0000665077,C1
0000665116,A → B → E
0000665164,E → D
0000665235,A
0000665395,C1
0000665409,D → B
0000665512,A → C1 → A → D
0000665700,A
0000665917,A → B
0000666102,A → B
0000666110,C1
0000666111,C1 → A
0000666178,B → A
0000666206,C1 → B
0000666329,C1 → A
0000666512,E → C1 → B
0000666741,A
0000666797,A
0000666881,B
0000666951,B → A
0000666997,A
0000667124,E → B → A
0000667192,B
0000667194,C1
0000667392,C1 → B
0000667408,A
0000667476,A → C2
0000667492,B → A → D
0000667521,B → A → D
0000667544,B
0000667597,A
0000667698,A → B → E → A
0000667795,C1 → B
0000668004,B → C1 → B
0000668016,B
0000668082,C1
0000668084,C1 → B
0000668202,C1
0000668222,A → B → C1
0000668237,B
0000668244,A → C1
0000668750,C1
0000668895,A
0000668951,C1
0000669164,C1
0000669179,B
0000669200,A → C2 → B → C1
0000669272,A → C1
0000669285,C1
0000669302,C2 → C1
0000669330,E
0000669338,B → C1
0000669411,A → E
0000669461,C1 → B
0000669495,C1 → A
0000669517,C2
0000669611,B
0000669667,C1 → B → C1
0000669726,C1
0000669738,A → B
0000669841,C1 → E → A
0000669842,A
0000669859,C1 → B
0000669924,A → B → C1 → A
0000670015,A → C1
0000670056,A → C1 → B
0000670080,C1
0000670082,A → C1
0000670207,C1
0000670236,A
0000670240,A → C1 → A → C2 → C1
0000670268,B
0000670390,A → B
0000670423,C1
0000670557,A
0000670758,A → B → A
0000670838,A
0000670905,B
0000670912,C1
0000670953,A
0000671020,A
0000671219,A
0000671264,C1
0000671335,A → C1 → A
0000671394,C1
0000671493,A → C1 → B
0000671514,A
0000671523,B → A
0000671598,A
0000671657,B → C1
0000671667,A
0000671680,C1 → A → C1 → E → C1
0000671730,B
0000671786,C1
0000671873,B → C1 → B
0000671904,A
0000672011,A → B → C1 → B → D → B
0000672012,C1 → B
0000672089,A
0000672156,A
0000672284,C1 → B
0000672330,B → A
0000672437,B → D
0000672459,C1
0000672676,B
0000672677,E → B
0000672686,C1
0000672728,C1 → D
0000672821,C1 → A → C1
0000672831,C1
0000672874,A → B
0000672969,A
0000673070,C1 → A → B
0000673092,D
0000673120,B
0000673201,C1 → A → B → A → D
0000673437,C2
0000673631,E → C1 → B → A
0000673678,A
0000673702,B
0000673731,B → A
0000673787,B → A → B
0000673946,A
0000673957,B
0000673988,C1
0000675012,A → C2 → A
0000675032,B
0000675050,A
0000675077,B → C1
0000675093,A
0000675135,B → C1 → B → D
0000675209,A
0000675308,D
0000675504,A
0000675713,B → C1 → A → D → A
0000675719,C1
0000675785,A → C1 → D
0000675792,A → B → C1
0000675833,A
0000675918,A
0000675938,C1 → B
0000676009,B
0000676028,B → A
0000676149,C1 → B
0000676174,A
0000676388,C1 → B
0000676414,C1
0000676635,C1
0000677031,A
0000677074,C1
0000677117,C1
0000677273,A
0000677322,B
0000677598,C1
0000677736,A
0000677774,A
0000677784,C1
0000677822,B
0000677851,C2 → B
0000677852,B
0000677854,C1 → A
0000677869,C1
0000677872,C1 → B
0000677875,C2
0000678022,B → A → C2 → B
0000678347,D → B
0000678408,E → C1
0000678460,C1 → B
0000678496,C1 → D → C1 → A → D → C1 → A → B → C1 → A → C2 → B → C1 → B → C2
0000678554,A
0000678639,A
0000678649,C1 → A
0000678654,A
0000678792,E
0000678898,C1
0000679060,C1
0000679139,C1
0000679152,C1 → A → D → B → C1 → B → C1 → A
0000679302,C1
0000679517,C1
0000679731,B → A → B
0000679806,C1 → D
0000679978,E
0000680033,A → C1
0000680077,C1
0000680147,A → C1
0000680203,C1 → B
0000680583,A → C1 → B → E
0000680749,A → C1 → B
0000681116,C1 → A → C1
0000681270,C1
0000681376,A
0000681401,B
0000681429,C1 → D
0000681461,D → B
0000681569,C2
0000681607,A → D
0000681633,E
0000681648,A → B → A
0000681681,C1 → A → C1 → B
0000681738,B → C1
0000681744,A
0000681758,C1 → B
0000681795,A
0000681813,E
0000681904,C1
0000681945,A → C1 → B
0000682226,C1 → B
0000682346,C1 → B
0000682384,A
0000682468,A
0000682582,B
0000682684,C1 → A
0000682796,B
0000682976,A → E
0000682985,B
0000683004,C1 → E → C1 → E
0000683013,D → C1 → B → C1
0000683107,B
0000683140,C1
0000683173,C2 → C1
0000683269,C1 → A
0000683336,A → B
0000683428,A
0000683448,B
0000683517,C1
0000683537,A
0000683538,B → E
0000683607,C1
0000683678,A → C1
0000683724,E
0000683766,B
0000683906,A
0000684059,B
0000684061,B
0000684173,A → C2 → A
0000684330,A
0000684391,C1 → B
0000684396,A
0000684506,D
0000684524,D
0000684621,C1
0000684768,A → C1 → B
0000684989,A
0000685136,D → A
0000685260,C1
0000685398,B
0000685611,C1
0000685646,A → C1 → D
0000685707,A
0000685713,A
0000685852,B
0000686075,B → C1
0000686092,B → C1
0000686233,B
0000686269,C1 → B → C1 → A → B → A → C1 → C2 → B
0000686284,C1
0000686344,C1
0000686587,E → C2
0000686640,C1
0000686676,B
0000686740,A → B → A → B
0000686857,D
0000686859,B
0000686866,A
0000686873,A
0000686936,E
0000686948,A → C1
0000686966,C2 → C1
0000686976,C1
0000687053,C1
0000687235,B → D → A
0000687241,A
0000687284,C1
0000687322,B → A
0000687409,A
0000687414,C1
0000687570,B
0000687628,C1
0000687653,C1
0000687765,C1 → A
0000688194,C1 → B → C1
0000688327,B → A → B → A → B → A
0000688354,B
0000688373,C1
0000688405,B → C1
0000688506,C1 → A → B → C2 → B
0000688582,A
0000688610,A
0000688665,A
0000688679,A → C1
0000688745,C1
0000688777,B
0000688823,C1
0000688904,B
0000688910,A → C1
0000688966,B
0000689014,A → D
0000689095,E → C1 → E → C1
0000689103,C2
0000689213,A
0000689287,C1
0000689479,A
0000689653,C1 → D
0000689659,C1 → B
0000689735,A
0000689801,C1 → A → E → C1
0000689916,A
0000689967,C1
0000690047,A
0000690169,B → C1
0000690250,C1 → C2
0000690331,A
0000690442,B → C1 → A → C2
0000690446,E
0000690509,B → C1 → B → C2 → A → B → C2
0000690566,E
0000690725,A → C1 → A
0000690735,A
0000690811,C1
0000690916,B
0000690986,C1 → A → D
0000690987,C1 → A
0000690992,B → A → B → C1 → B → A → C1 → A → D
0000691106,C1
0000691215,B
0000691271,B → A
0000691454,E
0000691579,C1
0000691667,A
0000691810,C1 → A
0000691911,A
0000692181,B
0000692217,A
0000692265,B
0000692847,C1
0000692932,A
0000693064,A
0000693080,C2
0000693225,C1
0000693366,B
0000693428,A → B → C1
0000693479,C1
0000693546,B
0000693606,C1
0000693640,E → C1
0000693676,B → C1
0000693692,A
0000693730,B
0000693809,A
0000693822,C1
0000693831,A
0000693847,C1 → C2
0000694007,B
0000694133,B
0000694347,B → A
0000694396,B
0000694433,B
0000694453,A → C1
0000694481,B
0000694546,A
0000694636,C1
0000694673,B
0000694682,C1
0000694903,C1
0000695089,C2
0000695201,C1
0000695218,A
0000695328,C1
0000695367,B
0000695472,E → C1 → C2 → B → C1 → B → A
0000695563,A
0000695576,A
0000695621,A
0000695635,C1
0000695660,C1 → B
0000695680,A → C2 → C1 → B
0000695823,B
0000695942,D
0000696051,B
0000696095,C1
0000696115,C1 → B → C2
0000696125,A
0000696168,A
0000696336,B
0000696377,C2
0000696426,D
0000696468,A → C2 → E → A
0000696472,C1
0000696550,C1
0000696588,C1
0000696632,B → A
0000696667,D
0000696695,D
0000696727,D → B
0000697148,B → C1
0000697236,B
0000697245,B → A
0000697262,D → A
0000697273,B → A
0000697328,B → C1
0000697429,A
0000697527,E → B
0000697539,B
0000697637,C2 → A
0000697746,C1
0000697749,A
0000697774,A
0000697795,C1
0000698064,B
0000698074,A
0000698094,A
0000698141,E
0000698166,E → B
0000698265,A
0000698291,C1
0000698321,C1
0000698368,B
0000698439,B
0000698604,B → A
0000698654,E
0000698658,A → C2 → A
0000698673,B
0000698706,C1 → E
0000698739,C1
0000698952,A
0000699070,D → B
0000699136,B → C1
0000699138,C1 → B → C1
0000699146,C1
0000699275,C1
0000699311,C2
0000699427,B
0000699456,C1
0000699499,A
0000699550,C1
0000699611,B → C1
0000699648,D → C1 → A
0000699655,A
0000699766,C1
0000699787,C1 → A → C1
0000699816,B
0000699820,C1
0000699903,C1 → A → B → C1 → A → B
0000699960,A
0000699982,A → C2 → A
0000700089,E
0000700237,B
0000700344,B
0000700956,B
0000701069,B
0000701131,A
0000701210,C1
0000701288,C1 → A
0000701630,C1
0000701669,B
0000701687,C1
0000701690,B
0000701704,A
0000701751,B → A
0000701764,D → A → C1
0000701778,A
0000701818,C1
0000701880,A
0000701991,A → B
0000701997,C1
0000702006,B
0000702100,C2
0000702463,A → C1 → E
0000702855,B
0000702896,C2
0000702959,C1 → D → C1
0000703013,B
0000703059,C1
0000703193,A
0000703388,B → A
0000703591,C1
0000703672,A
0000703674,C1
0000703694,A
0000703721,D
0000703825,C1
0000703842,B
0000703853,A
0000703856,D → A
0000703932,B
0000703936,A
0000703948,B
0000703976,C1
0000704009,B
0000704062,C1
0000704107,C1
0000704133,D
0000704172,C2
0000704217,B
0000704229,A
0000704254,B
0000704394,C1
0000704450,A
0000704543,B
0000704566,A → E
0000704615,B
0000704624,C2
0000704630,E
0000704639,C1
0000704711,A
0000704756,B
0000704787,C1
0000704792,C1
0000704882,B
0000704892,A
0000704902,B
0000705142,C1
0000705166,A → B → A → B → C1 → A
0000705172,D
0000705180,B → C1 → A
0000705192,A
0000705206,B → A
0000705228,C1
0000705284,B
0000705285,A
0000705310,A → C1
0000705469,C2
0000705472,E
0000705481,C1 → C2
0000705489,B
0000705494,E
0000705510,B → A → B → C1 → D
0000705528,C2
0000705560,C1 → A
0000705568,D
0000705763,A
0000705778,B → A → B
0000705828,B
0000706307,C1
0000706317,A
0000706362,A
0000706528,B
0000706619,B
0000706636,B → D
0000706652,C1 → A → D
0000706672,B
0000706681,C1 → C2 → C1
0000706694,B → A
0000706697,C1 → A
0000706738,A
0000706813,A → C1
0000706947,D
0000706983,B
0000707041,B → C1 → A
0000707174,D → A
0000707188,A
0000707199,C1
0000707220,B
0000707222,B
0000707246,A
0000707253,C1
0000707761,C1
0000707762,C1
0000707780,A
0000707827,B
0000707865,C1
0000707875,C1
0000708033,A
0000708273,B → C1 → A
0000708461,C1 → D
0000708577,A
0000708603,C1 → B
0000708838,B
0000708857,B → C1 → C2 → C1
0000708926,A
0000709087,B
0000709103,A
0000709104,B
0000709127,C1
0000709136,C1
0000709159,B
0000709201,E → C1
0000709202,C1
0000709212,C1 → E → D
0000709215,B → A
0000709217,B
0000709224,B
0000709228,B
0000709242,B
0000709260,B
0000709325,B → C1
0000709354,A
0000709388,B
0000709399,C1
0000709427,B
0000709455,B
0000709464,C1
0000709471,B
0000709494,D
0000709509,B
0000709525,B → A
0000709540,B
0000709568,C1
0000709614,A
0000709631,B
0000709641,C1
0000709660,B
0000709758,B
0000709845,A
0000709849,C1
0000709941,B
0000709943,B
0000709996,B
0000710125,C1 → B → A → B → A → C1
0000710135,B
0000710159,B
0000710178,B
0000710181,D
0000710242,B
0000710248,A
0000710252,A
0000710265,B
0000710295,A
0000710325,C1
0000710380,B
0000710385,B
0000710452,B
0000710455,C1
0000710459,B
0000710503,A
0000710518,C1 → C2
0000710524,B
0000710537,C1
0000710538,B → A → C1 → A
0000710544,B
0000710597,B
0000710652,E
0000710661,C1
0000710666,B
0000710669,D
0000710672,B
0000710679,A
0000710695,B
0000710745,C1 → A → C1
0000710839,B
0000710914,D
0000710925,B
0000710940,B
0000710949,D → E → B → C1
0000710965,B
0000710987,C1 → B
0000711018,D
0000711134,C1
0000711159,B
0000711170,C1
0000712273,D → B
0000712276,B → C1
0000712285,B → A
0000712328,C1 → B
0000713060,B
0000713071,A → B
0000713116,B
0000713152,B
0000713159,D
0000713175,B
0000713183,C1
0000713203,B
0000713205,C1
0000713219,C1
0000713234,B
0000713249,B
0000713259,B
0000713316,B
0000713324,C1
0000713347,C1
0000713373,E
0000713381,B
0000790309,B
8100000360,B
8100000758,A
8100000805,A
8100000879,B → A → C1
8100000902,D → C1 → A
8100000910,C1 → C2
8101012085,A → C1
8101016171,B
8101016552,A
8101021271,D
8101022775,D → A → B
8101026382,C1
8101026643,A
8101027830,A
8101029598,D → A
8101030638,A
8101032860,B → C1
8101033459,A
8101034939,A
8101035361,A
8101035460,B → A
8101038300,B → E
8101039824,C1
8101042514,D
8101042617,C1 → B → A
8101043090,B → C1
8101043549,C1
8101044658,A
8101044762,C1 → B → A → C2 → C1 → B
8101046776,A
8101047424,B
8101048388,A
8101049193,C1
8101050208,C1
8101050833,C1 → A
8101051372,B
8101051672,B
8101053455,B
8101053493,C2
8101053847,B → A → C2 → D → C1 → A → C1
8101054123,C1
8101054545,C1 → B → C1
8101054660,D
8101054727,B
8101056279,B
8101056348,A
8101056677,A → C2
8101056747,D
8101058908,B
8101060267,A → D → A → C1
8101060641,C2
8101060648,C2
8101071974,C1 → B → A → B
8101074943,A
8101077522,C1
8101078446,C1 → A
8101079622,C1 → A
8101080933,B → C1 → B
8101084311,B → A
8101084596,C1
8101085904,A
8101086437,C1 → B
8101087389,C1 → D
8101087976,C1 → B
8101089876,D
8101092750,A
8101093612,C1 → A → B → A → B → A → B → D → C1 → B
8101101145,A
8101103154,C1
8101103792,C1
8101107491,C1 → C2 → A
8101110390,A → C1
8101110403,B
8101110604,B → D
8101112067,A
8101114990,A
8101123639,B → A → C1 → A
8101135398,C2 → C1
8101138912,C1
8101141044,A
8101143524,A
8101144946,B
8101145624,C1
8101148732,E
8101150707,C1
8101153971,C1
8101157062,C1
8101158094,A → C1 → B → C1
8101170275,D
8101185242,A → B → A
8101197893,C1
8101204940,C1
8101209865,C1
8101211618,C1 → E → C1 → C2 → C1 → B
8101217331,D → C1
8101217767,C1 → B
8101218161,A
8101219651,C1
8101220436,C1
8101221529,C1
8101223335,B
8101225624,B
8101226850,B → A
8101227121,C1
8101231033,B → C1 → B → C1 → B → D
8101231413,C1
8101233864,C1 → A → C1
8101236549,A
8101241692,B
8101250245,A
8101250646,B
8101251934,C2 → A → C1
8101252012,D
8101252173,C1 → A
8101255304,B
8101258431,B
8101263139,C1
8101263397,C1
8101267485,C1 → A
8101267511,B → A
8101267760,C1
8101268619,E
8101281586,C1
8101284697,C1
8101287182,D
8101287441,D
8101289192,C1 → B
8101295677,B
8101296438,B
8101297156,A
8101301477,B
8101306344,B
8101307683,A
8101310720,C1
8101311000,A → B → A
8101317389,D → B → C1 → B
8101325406,B → C1
8101332623,C1 → D
8101333398,B → C1
8101334813,B → A → D → C1 → A → C2 → A → D → A → C1 → A → B → C1 → A
8101337752,B
8101339880,E → C1 → A
8101341668,C1 → A
8101342894,C1 → B
8101345365,C1
8101348196,C1
8101349089,D
8101360443,B
8101362346,C1
8101369183,A → B
8101369331,B
8101369470,A
8101373024,C1
8101374946,A → B
8101380884,D
8101386815,C1
8101386827,B
8101386894,B → C2
8101386985,C1
8101387208,C2
8101387216,B
8101387418,C1 → A → B → A → C1
8101388291,C1 → C2 → C1
8101389349,C1
8101389353,E → C1 → A → B → A → C1
8101389608,C2 → B
8101390082,B
8101390289,B → C1
8101390332,C1
8101390963,A
8101391112,A
8101391173,E
8101391386,A
8101391692,B
8101392458,B → C1 → A
8101392862,C1
8101394803,C2
8101395250,B
8101396367,A → C1
8101396418,B → C1 → B
8101397489,A → B
8101397808,B → C2 → B → A → C1
8101397994,B
8101398121,A → C1 → A
8101398596,A
8101398850,A → B → D → B → A → B → A → B → A → B → E → B → C1 → D
8101399683,C1
8101401519,B
8101402986,A → C1
8101404918,A
8101405745,B
8101405784,A → C1 → C2 → A → B
8101406046,B → C1
8101406275,C1 → B
8101406371,B
8101406823,A
8101407207,C1
8101407280,C1 → A → C1
8101409365,B
8101410035,C1 → A
8101410542,A → C1 → A → C1 → A → B
8101411244,C2 → A
8101411286,C1
8101411362,C1
8101411364,C1
8101411634,B
8101411645,A → C1 → E → B
8101412075,A → C2 → C1
8101412632,C1 → B
8101413621,B
8101413719,A
8101415075,C1 → D
8101415244,B
8101415310,A → B → A
8101415524,A
8101416705,B
8101417680,C1
8101417919,C1
8101418651,A → C1 → B → A → C1
8101418816,A
8101420310,C1
8101420697,C1
8101421990,C1
8101422617,C1 → B
8101422666,C1
8200000250,A → B
8200000254,B
8200000570,B → C1
8200000573,C1 → D → A
8200000614,C1
8200000623,A → E
8200000736,B
8200001250,C1
8200001765,A
8200001867,B → E
8200001927,C1
8200002807,B → C1 → C2 → B
8200003697,A → B
8200004767,C1 → C2 → B → E
8200004833,C2 → A
8200009154,E → C1
8200009217,C1
8200009423,C1
8200009811,B → A
8200010926,E
8200011651,B
8200011722,A → B
8200012781,C1
8200012932,A → C1
8200012935,A
8200013123,C1 → B → C1
8200013561,C1
8200013883,A
8200014198,B → C1
8200014203,E
8200014605,A
8200016264,B → A
8200016666,B
8200016721,A → C1
8200016818,B
8200016950,A → C1 → B → A
8200017239,B → A
8200019461,C1
8200020200,B
8200020756,D → A
8200020878,A
8200020954,A
8200021166,C2
8200021577,D → C1
8200021830,C1
8200022207,A
8200022795,A
8200023913,B
8200024015,A → C1 → A
8200024152,C1 → A
8200025074,C1 → B → C1
8200025997,B → C1 → A
8200026480,B → E → A
8200026885,C1 → A
8200027514,C1
8200027549,A
8200027962,B
8200028334,C1 → A
8200028440,B
8200028873,B
8200028931,A
8200029007,B → C1
8200029124,A
8200029329,B
8200029479,D → C2
8200029659,B
8200029956,C1
8200030190,A
8200030301,C1
8200030824,D
8200030826,A
8200031209,B
8200031364,C1 → A → C1 → B
8200031439,C1
8200031558,C2
8200032676,B → A → B → A → B
8200033039,C2
8200033257,D → A
8200033456,D
8200035058,A → C1
8200035484,C1
8200035940,B
8200036187,B
8200036193,A → C1
8200037084,A → B
8200037216,A → B → C1 → A → C2 → C1
8200038425,C1
8200039162,A → C1
8200039534,C1
8200039579,B
8200040910,B → A
8200041060,B
8200041326,C1
8200049354,B → D
8200049780,B
8200049783,A → B
8200051064,C1
8200052095,C1 → A → C1
8200053907,C1
8200054062,B → C1
8200055406,B
8200056333,A → C1
8200057289,C1 → A → C2
8200057457,C1
8200057737,C1
8200057974,C2 → E → C1 → A → C1
8200058663,B → A
8200059531,A
8200060702,B
8200061132,B
8200061389,B
8200061668,A
8200062448,A → D
8200063469,B
8200063522,A → C1
8200064204,C2
8200064675,C1
8200064776,B
8200065075,A → D
8200065276,C1 → D → B → C1 → B → C1 → D → C1 → B → C1
8200065322,A
8200065947,A
8200066223,B
8200071824,A
8200073923,C1
8200075659,D
8200075698,C1
8200075962,A
8200077766,B
8200078571,B → C1 → E → B
8200082175,B
8200084380,E
8200085722,C1 → A
8200086023,C1 → B
8200088930,C1
8200089432,E → C1 → A → B → C1
8200093095,C2
8200093284,A
8200096867,C1
8200099211,C1 → B
8200099580,D → B
8200101544,A
8200104008,A
8200105218,A
8200117526,A
8200131190,C1
8200152960,A
8200153612,C2
8200156961,B
8200157859,A
8200165584,A
8200170449,B → E → B
8200171155,C1
8200240893,C1
8200241515,C1
8200242731,C1
8200246542,B → C1 → A → B
8200246985,C1
8200247838,B → C1 → B
8200248264,B → A
8200248396,B
8200248713,C1 → B → C1 → D
8200250087,C1
8200250499,B
8200250775,C1
8200251059,C1
8200251854,B → A
8200251941,C1 → A → C1 → E → B
8200252101,E
8200252368,D → B
8200253136,C1 → C2
8200254033,C1
8200258354,C2 → B
8200259701,E
8200260100,C1
8200262437,B → C2
8200263896,A
8200264512,B
8200267871,B → A → C1
8200267908,B
8200270118,A → C1 → B
8200271056,B → D → C1 → A
8200273987,C1
8200274082,A
8200275385,C1 → A → C1
8200276809,C1 → A
8200278677,D → A → B
8200279007,B
8200279127,B
8200279197,C1
8200279687,C1
8200283474,B
8200283699,C1
8200286178,A
8200286720,C1 → A → B → C1
8200287592,A → B → A → C1 → C2 → B → D → A
8200289703,C2
8200289863,A → B → C1 → A
8200291925,A
8200292647,B
8200292804,C1
8200293696,C1 → D → A
8200294108,C1
8200297824,B → C1
8200300289,A
8200301937,C1 → B → C1
8200301971,A
8200302222,B → C1 → B → A → C1 → B → D → E → A → C1 → A → B
8200304382,C2 → A → C1
8200306647,C1 → A
8200307317,B
8200312730,A → B → C2 → C1
8200314685,C1
8200315757,B
8200316390,C1 → B → A → E → B
8200318323,A
8200319340,B → E
8200322316,A
8200325196,A → C1 → D
8200329715,C2
8200330407,C1
8200335269,B → A
8200335867,A → C1
8200336148,C1 → C2
8200339532,C1
8200345529,A
8200350265,C1
8200351160,C1
8200351887,B
8200352581,B
8200353066,B
8200353982,B
8200355420,C1
8200356354,B
8200356671,C1
8200361673,C2
8200365764,A
8200365897,A
8200366844,C1 → B → C1
8200366847,D
8200367074,C1 → A → B
8200372800,C1
8200373672,E → C1
8200373859,C1
8200373973,C1 → A
8200374008,C1 → B
8200374358,C1
8200375416,E
8200380784,D → A → B → D → B → C1
8200380791,A → B → A → B
8200381201,C1
8200382831,C1 → B → A
8200382842,C1
8200383193,A
8200386905,C1
8200388681,A → C1 → D → B → C1 → C2
8200388762,C1 → B
8200389704,C2 → C1
8200393568,E → B
8200394706,A → B
8200394878,D → B
8200395572,C1 → D → C1
8200395971,A → D → A
8200396369,B
8200402954,C1
8200403873,A
8200403895,C1
8200405254,A → C1
8200405772,C1 → A
8200409904,C1
8200410428,C1
8200413266,C1 → A
8200413411,A → C1
8200413623,A
8200413716,D
8200413723,B → E
8200414023,C1
8200414042,C2
8200414165,B
8200414459,C1
8200414602,C1 → D
8200414669,A → C1 → A → B → C2
8200414712,A
8200415082,C1 → A
8200415298,A → C1
8200415602,C1
8200416019,C1
8200416348,C1
8200416358,B → A → C1 → B → C1 → B → C1 → B → C1 → D → C1 → C2
8200416386,B → A
8200416407,C1
8200416521,B
8200416581,A
8200416752,C1
8200416922,D → C2
8200417210,A
8200417286,C1
8200417526,C1
8200417593,C1
8200418878,A
8200419307,A
8200419477,C1
8200419489,E → C1
8200420059,B
8200420089,A
8200420337,A
8200420702,C1
8200421292,C1
8200421730,C2 → B
8200421941,B
8200422083,A
8200422109,B
8200422204,C1 → A
8200422400,C1
8200422537,C1 → B → C1 → A
8200422956,B
8200423081,E
8200423539,C1
8200423588,B → C2
8200423729,B → C2 → C1 → B
8200424784,C2 → D → B → A → E
8200425098,E → B
8200425256,C1
8200426237,E
8200426239,B
8200426328,A
8200426594,E → C1
8200427100,A → E
8200427282,C1
8200427891,B
8200428086,A
8200428096,D
8200428210,C1
8200428755,B
8200429078,C1 → A
8200429150,A → C1 → D → C1
8200429151,A → B
8200429167,E → B → E → C1 → A
8200429457,C1
8200429645,C1
8200429670,B
8200430773,C1 → A
8200430790,C1
8200431170,B → A → C1 → B → E → B
8200431250,A → B → C1
8200431452,B → C1
8200431473,E
8200431529,C1
8200431682,A
8200432075,B → C1 → A → B
8200433060,A
8200433281,A
8200433651,C1 → D → E → B
8200433885,D
8200434184,C1 → A → C1 → B
8200434660,E
8200434806,A
8200435277,B → D → B → C1 → A → C1 → B → C1 → A
8200435415,C2
8200435694,A
8200436447,A
8200436677,C1
8200436733,B
8200437501,C1
8200438067,C1
8200438518,C1
8200438640,C1
8200438655,A
8200438938,A → B
8200438990,B
8200439174,C1
8200439507,B → A
8200439688,D → B → E
8200439746,B
8200439820,C1 → A → C1 → B → C1
8200440307,D
8200440802,C2
8200441744,C2 → B
8200442123,A
8200442162,D
8200442465,C1
8200442518,B
8200442617,C1 → D
8200443040,B → C2 → C1
8200443069,C1 → B → C1
8200443226,C1 → A → B
8200443235,C1
8200443261,B → C1 → B → A
8200443310,B → C1
8200444285,B
8200445184,B
8200445803,D → E → C1
8200446018,C1 → A → D
8200446305,D
8200446403,A
8200446901,A
8200447181,C1 → B
8200447260,A
8200447863,B
8200449167,D → C1 → A → B → C1 → B → A
8200449390,A → B → A
8200449664,A
8200449708,C1
8200449733,A → C1 → B → C1
8200450617,B
8200450658,A → C1
8200450689,C2
8200450980,A
8200451013,B → A
8200451041,C1
8200451392,C1 → A → C1 → B → A → B → A → B
8200452265,A
8200452376,E → B
8200453175,A
8200453358,A
8200453762,C1 → B
8200453855,B → A → B
8200453890,C1
8200455277,C1
8200455576,C1 → A → C1
8200455682,A
8200455850,B
8200455953,B → C1 → B → A
8200456893,E → A
8200457390,A
8200457407,A
8200457416,A
8200457428,E
8200457630,C1
8200457682,D → B → C1 → B → A → C1 → B
8200457719,C1
8200457907,B
8200458007,C1
8200458051,D → A → E
8200458130,C1 → A
8200458472,C1 → B
8200459357,C2
8200459432,A
8200459468,B → A
8200459554,C1
8200459555,C1
8200460986,A
8200461011,C2 → E
8200461433,C1 → A → D
8200461843,A → C1 → A → C1 → B → C1 → B → A
8200461874,A
8200462768,B
8200463305,B
8200463384,B → A → B → C2 → A → C1 → A → C1 → D → A
8200463555,A
8200463803,A
8200463909,B → C1 → A
8200464503,C1
8200464890,A → C1 → B
8200465123,A
8200465605,B → D
8200465710,A → C1
8200465861,B
8200465984,D
8200466544,B → D
8200466643,B
8200466679,C1
8200466780,C1 → D
8200467446,C1 → B → C1
8200467897,C2 → A
8200467966,A → B → C1 → B → C1
8200468090,B
8200468707,B → A
8200468775,C1
8200469073,C1
8200469598,B → C1
8200469899,C1
8200469974,C1
8200470019,C1
8200470129,B
8200470360,D
8200470443,D → C1
8200470455,E → C1
8200470481,C1
8200470503,C1
8200471381,C1
8200471387,D → C1 → B → C1 → A
8200471398,C1
8200471507,A → C1 → A
8200471667,C1
8200471735,C1 → A → B → A → B
8200471796,C1
8200471824,B → C1
8200471882,A
8200472143,A → B
8200472287,D
8200472836,B
8200473294,C1
8200473364,C1 → B → C1
8200473506,B → C2 → B
8200473516,A
8200474051,A
8200474471,C1
8200474893,B
8200475430,C1
8200475672,A → E → A → B → C1
8200475761,C1
8200475944,C1 → B
8200476297,D
8200476306,A → E
8200476623,B
8200476693,B → A
8200477433,A
8200477680,C1
8200477760,B → A
8200478161,A
8200478904,C2 → E → A → B
8200478920,E → C1 → B → C1 → A → B
8200479576,B
8200480115,C1
8200480511,D
8200480809,B
8200480982,C1
8200481420,C2 → A
8200481573,B → A
8200481607,B → A → C1
8200481752,C1
8200481847,B → C1
8200482026,A
8200482517,C1 → A
8200482840,A → E
8200483267,C1
8200483366,C2 → D
8200483408,B
8200484458,B
8200484731,A → B → C1
8200485067,B
8200485497,C1
8200486136,C1
8200486146,A → C1 → A → C1
8200486533,C1
8200486570,C2 → B → A → C2 → C1 → A → C1
8200486682,A
8200486767,B
8200486821,A
8200486823,B
8200487039,B → C1
8200487202,A
8200487477,A
8200487571,C1
8200487813,A
8200488704,B → D → C1
8200489040,C1 → A
8200489052,E
8200489076,A
8200489174,D
8200489273,C1
8200489681,C1 → A
8200489948,C1 → B
8200489972,A
8200490155,C1 → B → A → B
8200491225,C1 → B
8200491249,B
8200491284,C1
8200491477,C1
8200491479,C1
8200492247,C1
8200492672,A → C1
8200492853,D
8200493025,C1 → B
8200493867,A → C1
8200494018,B
8200494138,E → C1 → B → C2
8200494840,A
8200494946,A
8200494966,D
8200495182,A → C1
8200495261,C1
8200495308,E
8200495338,C1
8200495597,C1
8200496160,B → C1 → D → C1
8200496222,A
8200496223,C1 → B → C1 → D → C1
8200496235,B → A
8200496433,A → C2
8200496462,E
8200496906,A
8200496923,E → A
8200497523,A
8200498716,A
8200498794,D → C1 → B
8200498911,A → C1 → A
8200499193,D
8200499604,B
8200499696,C1 → B
8200499960,B
8200500013,B → C1 → B
8200500095,B
8200500971,B
8200501070,B → A
8200501572,D
8200501680,B → A → C1
8200501851,B
8200502764,C1
8200502765,A
8200503517,C1
8200504125,A → D
8200504130,C1
8200504357,C1
8200504601,B
8200505382,C1
8200505392,C1
8200505564,B
8200505696,B
8200505798,C1 → A
8200505811,C1
8200505998,C1
8200506007,C1
8200506299,C2
8200506400,C1 → A → C1 → B → A → B → D
8200506410,B → A
8200506606,C1
8200506987,A → E
8200506993,B → C1 → B
8200507013,B → A → C1
8200507085,D
8200507096,B → A
8200507119,C2
8200507206,C1 → B
8200507250,C1
8200507283,A
8200507558,C2 → C1
8200508315,C1
8200508367,C1
8200508370,D
8200508590,C1
8200508874,D → C1 → B
8200508957,A
8200509626,D → B
8200509650,C1
8200510005,E → A → C1
8200510374,A
8200510825,C1
8200510987,A
8200511231,A
8200511313,E
8200511441,C1
8200511958,A
8200512983,A
8200513341,B → E → A
8200513406,C1
8200513698,C1
8200514426,A
8200514620,D → A → B
8200515019,C1
8200515616,D
8200516001,C1 → B
8200516518,A
8200516577,C1 → A → D
8200516646,A
8200516725,C1 → B → D → C1
8200516785,B
8200517705,C1
8200517717,A
8200517851,B
8200517870,C1
8200518066,C1
8200518120,A → C1
8200519086,C1 → A
8200519305,C1 → B → A
8200519587,C1
8200519904,B
8200520024,C1
8200520072,C1
8200520640,C1
8200521083,C1
8200521301,B
8200521320,B
8200521434,D
8200522808,C1 → A → D → E
8200522937,A → C1 → B → A → B → C1 → B
8200523001,B
8200523010,D
8200523670,C1
8200523875,C1
8200525103,C1
8200525131,A
8200526107,A → C1 → B → A
8200526108,D
8200526383,C2
8200526485,A
8200527074,D → B
8200527119,E
8200527254,D
8200527461,C1
8200527708,A
8200527802,B → C1
8200528214,B → A
8200529171,A
8200529705,A → C1
8200530129,A → E
8200530301,B
8200530757,B
8200530828,C1 → A → C1
8200531091,C1
8200532107,A
8200532672,A → B → C1
8200532694,B
8200532821,C1
8200532863,C1
8200533398,C1
8200533405,A
8200533752,C1 → B → C1
8200534163,D
8200534394,A
8200534426,D → B
8200534667,B → A
8200535509,C2 → C1
8200535771,C2
8200535824,B
8200536097,A → B
8200536323,D → A → D → B
8200536786,A
8200537224,E
8200537536,A → C2
8200537826,C2 → C1 → E → A
8200537981,D
8200538417,E
8200538772,B → A → B → C1 → A → B → C2 → B
8200538774,B
8200538898,B
8200539019,D
8200539042,D → C2 → D
8200539618,B
8200539754,B
8200539944,A
8200539955,B
8200540446,B
8200540663,C1
8200540959,A
8200541836,C1 → E
8200542331,A
8200542582,A
8200542827,B
8200543506,A → C1 → B → A → C1 → A → E → A
8200543805,C1
8200543989,A → C1 → A
8200544041,C1 → B → A
8200544151,E → A
8200544355,A
8200544822,B
8200544892,B
8200544921,B
8200545445,B
8200546021,C1
8200547152,B → E → A
8200548449,C1 → A → C1 → B → A
8200548493,C1
8200548818,D → A
8200549568,D
8200550403,C1 → A → C1 → A → C1 → B
8200550504,B
8200552202,C1
8200552585,B → A
8200554151,A
8200555184,C1 → A → C1
8200555741,A
8200555772,E
8200556344,B
8200556487,B
8200557836,C1
8200558251,E
8200558310,C1
8200560573,B → C1
8200561240,C1
8200562569,A → B
8200563407,A
8200563582,C1 → D
8200565771,B
8200566541,B
9000000071,B
A100000315,B → C1
A100000520,A
A100003812,C1
B200001388,C2 → B
B200002181,A
B200003258,C1 → D
B200003390,C2 → C1 → B → E → B
B200003863,C1
B200004236,A
B200004522,A
B200005327,A
B200005661,B
B200005859,B
B200005877,B → C1
B200006001,C1 → A
B200006163,B
B200006180,C1
B200006242,A
B200006247,B
B200006613,B
B200006765,C1
B200007186,B
B200007384,C1 → B
B200007561,B
B200007918,D
B200008074,C1
DSC0000001,C1 → B → D → A → B → D → B → C1 → A → B → A → C1 → C2 → E → C1
